{
    "porvince":[{
        "type": "province",
        "name": "浙江省",
        "orgNO": "33",
        "id": "33"
    }],
    "city":{
        "33":
        [
            {"type": "city", "orgName":"杭州供电公司","name": "杭州市", "orgNO": "33401", "higherLevelNo": "33", "id": "3301"},
            {"type": "city", "orgName":"","name": "嘉兴市", "orgNO": "33402", "higherLevelNo": "33", "id": "3304"},
            {"type": "city", "orgName":"绍兴供电公司","name": "绍兴市", "orgNO": "33403", "higherLevelNo": "33", "id": "3306"},
            {"type": "city", "orgName":"","name": "金华市", "orgNO": "33404", "higherLevelNo": "33", "id": "3307"},
            {"type": "city", "orgName":"宁波供电公司","name": "宁波市", "orgNO": "33405", "higherLevelNo": "33", "id": "3302"},
            {"type": "city", "orgName":"","name": "台州市", "orgNO": "33406", "higherLevelNo": "33", "id": "3310"},
            {"type": "city", "orgName":"","name": "丽水市", "orgNO": "33407", "higherLevelNo": "33", "id": "3311"},
            {"type": "city", "orgName":"湖州供电公司","name": "湖州市", "orgNO": "33408", "higherLevelNo": "33", "id": "3305"},
            {"type": "city", "orgName":"","name": "衢州市", "orgNO": "33409", "higherLevelNo": "33", "id": "3308"},
            {"type": "city", "orgName":"","name": "温州市", "orgNO": "33410", "higherLevelNo": "33", "id": "3303"},
            {"type": "city", "orgName":"","name": "舟山市", "orgNO": "33411", "higherLevelNo": "33", "id": "3309"}
        ]
    },
    "district": {
        "33401":[
            {"type": "district", "orgName":"杭州市直属","name": "", "orgNO": "3340101", "higherLevelNo": "33401", "id": "3301"},
            {"type": "district", "orgName":"萧山区供电公司","name": "萧山区", "orgNO": "3340130", "higherLevelNo": "33401", "id": "330109"},
            {"type": "district", "orgName":"余杭区供电公司","name": "余杭区", "orgNO": "3340140", "higherLevelNo": "33401", "id": "330110"},
            {"type": "district", "orgName":"桐庐县供电公司","name": "桐庐县", "orgNO": "3340150", "higherLevelNo": "33401", "id": "330122"},
            {"type": "district", "orgName":"临安区供电公司","name": "临安市", "orgNO": "3340160", "higherLevelNo": "33401", "id": "330185"},
            {"type": "district", "orgName":"富阳市供电公司","name": "富阳市", "orgNO": "3340170", "higherLevelNo": "33401", "id": "330183"},
            {"type": "district", "orgName":"建德市供电公司","name": "建德市", "orgNO": "3340180", "higherLevelNo": "33401", "id": "330182"},
            {"type": "district", "orgName":"淳安县供电公司","name": "淳安县", "orgNO": "3340190", "higherLevelNo": "33401", "id": "330127"}
        ],
        "33402":[
            {"type": "district", "orgName":"湖州市直属","name": "", "orgNO": "3340201", "higherLevelNo": "33402", "id": "3301"},
            {"type": "district", "orgName":"桐乡市供电公司","name": "", "orgNO": "3340210", "higherLevelNo": "33402", "id": "3302"},
            {"type": "district", "orgName":"海宁市供电公司","name": "", "orgNO": "3340220", "higherLevelNo": "33402", "id": "3301"},
            {"type": "district", "orgName":"嘉善县供电公司","name": "", "orgNO": "3340230", "higherLevelNo": "33402", "id": "3301"},
            {"type": "district", "orgName":"平湖市供电公司","name": "", "orgNO": "3340240", "higherLevelNo": "33402", "id": "3301"},
            {"type": "district", "orgName":"海盐县供电公司","name": "", "orgNO": "3340250", "higherLevelNo": "33402", "id": "3301"}
        ],
        "33403":[
            {"type": "district", "orgName":"绍兴市直属","name": "", "orgNO": "3340301", "higherLevelNo": "33403", "id": "3301"},
            {"type": "district", "orgName":"诸暨市供电公司","name": "", "orgNO": "3340310", "higherLevelNo": "33403", "id": "3301"},
            {"type": "district", "orgName":"上虞区供电公司","name": "", "orgNO": "3340320", "higherLevelNo": "33403", "id": "3301"},
            {"type": "district", "orgName":"嵊州市供电公司","name": "", "orgNO": "3340330", "higherLevelNo": "33403", "id": "3301"},
            {"type": "district", "orgName":"新昌县供电公司","name": "", "orgNO": "3340340", "higherLevelNo": "33403", "id": "3301"}

        ],
        "33404":[
            {"type": "district", "orgName":"金华市直属","name": "", "orgNO": "3340401", "higherLevelNo": "33404", "id": "3301"},
            {"type": "district", "orgName":"义乌市供电公司","name": "", "orgNO": "3340410", "higherLevelNo": "33404", "id": "3301"},
            {"type": "district", "orgName":"东阳市供电公司","name": "", "orgNO": "3340420", "higherLevelNo": "33404", "id": "3301"},
            {"type": "district", "orgName":"兰溪市供电公司","name": "", "orgNO": "3340430", "higherLevelNo": "33404", "id": "3301"},
            {"type": "district", "orgName":"永康市供电公司","name": "", "orgNO": "3340440", "higherLevelNo": "33404", "id": "3301"},
            {"type": "district", "orgName":"武义县供电公司","name": "", "orgNO": "3340450", "higherLevelNo": "33404", "id": "3301"},
            {"type": "district", "orgName":"浦江县供电公司","name": "", "orgNO": "3340460", "higherLevelNo": "33404", "id": "3301"},
            {"type": "district", "orgName":"磐安县供电公司","name": "", "orgNO": "3340470", "higherLevelNo": "33404", "id": "3301"}

        ],
        "33405":[
            {"type": "district", "orgName":"宁波市直属","name": "", "orgNO": "3340501", "higherLevelNo": "33405", "id": "3301"},
            {"type": "district", "orgName":"鄞州区供电公司","name": "", "orgNO": "3340530", "higherLevelNo": "33405", "id": "3301"},
            {"type": "district", "orgName":"慈溪市供电公司","name": "", "orgNO": "3340540", "higherLevelNo": "33405", "id": "3301"},
            {"type": "district", "orgName":"余姚市供电公司","name": "", "orgNO": "3340550", "higherLevelNo": "33405", "id": "3301"},
            {"type": "district", "orgName":"奉化区供电公司","name": "", "orgNO": "3340560", "higherLevelNo": "33405", "id": "3301"},
            {"type": "district", "orgName":"宁海县供电公司","name": "", "orgNO": "3340570", "higherLevelNo": "33405", "id": "3301"},
            {"type": "district", "orgName":"象山县供电公司","name": "", "orgNO": "33405", "higherLevelNo": "33405", "id": "3301"}
        ],
        "33406":[
            {"type": "district", "orgName":"台州市直属","name": "", "orgNO": "3340601", "higherLevelNo": "33406", "id": "3301"},
            {"type": "district", "orgName":"椒江区供电公司","name": "", "orgNO": "3340610", "higherLevelNo": "33406", "id": "3301"},
            {"type": "district", "orgName":"黄岩区供电公司","name": "", "orgNO": "3340620", "higherLevelNo": "33406", "id": "3301"},
            {"type": "district", "orgName":"路桥区供电公司","name": "", "orgNO": "3340630", "higherLevelNo": "33406", "id": "3301"},
            {"type": "district", "orgName":"三门县供电公司","name": "", "orgNO": "3340640", "higherLevelNo": "33406", "id": "3301"},
            {"type": "district", "orgName":"临海市供电公司","name": "", "orgNO": "3340650", "higherLevelNo": "33406", "id": "3301"},
            {"type": "district", "orgName":"温岭市供电公司","name": "", "orgNO": "3340660", "higherLevelNo": "33406", "id": "3301"},
            {"type": "district", "orgName":"玉环市供电公司","name": "", "orgNO": "3340670", "higherLevelNo": "33406", "id": "3301"},
            {"type": "district", "orgName":"仙居县供电公司","name": "", "orgNO": "3340680", "higherLevelNo": "33406", "id": "3301"},
            {"type": "district", "orgName":"天台县供电公司","name": "", "orgNO": "3340690", "higherLevelNo": "33406", "id": "3301"}
        ],
        "33407":[
            {"type": "district", "orgName":"丽水市直属","name": "", "orgNO": "3340701", "higherLevelNo": "33406", "id": "3301"},
            {"type": "district", "orgName":"莲都区供电公司","name": "", "orgNO": "3340710", "higherLevelNo": "33406", "id": "3301"},
            {"type": "district", "orgName":"云和县供电公司","name": "", "orgNO": "3340720", "higherLevelNo": "33406", "id": "3301"},
            {"type": "district", "orgName":"景宁县供电公司","name": "", "orgNO": "3340730", "higherLevelNo": "33406", "id": "3301"},
            {"type": "district", "orgName":"遂昌县供电公司","name": "", "orgNO": "3340740", "higherLevelNo": "33406", "id": "3301"},
            {"type": "district", "orgName":"松阳县供电公司","name": "", "orgNO": "3340750", "higherLevelNo": "33406", "id": "3301"},
            {"type": "district", "orgName":"龙泉县供电公司","name": "", "orgNO": "3340760", "higherLevelNo": "33406", "id": "3301"},
            {"type": "district", "orgName":"庆元县供电公司","name": "", "orgNO": "3340770", "higherLevelNo": "33406", "id": "3301"},
            {"type": "district", "orgName":"缙云县供电公司","name": "", "orgNO": "3340780", "higherLevelNo": "33406", "id": "3301"},
            {"type": "district", "orgName":"青田县供电公司","name": "", "orgNO": "3340790", "higherLevelNo": "33406", "id": "3301"}

        ],
        "33408":[
            {"type": "district", "orgName":"湖州市直属","name": "", "orgNO": "3340801", "higherLevelNo": "33408", "id": "3301"},
            {"type": "district", "orgName":"德清县供电公司","name": "", "orgNO": "3340810", "higherLevelNo": "33408", "id": "3301"},
            {"type": "district", "orgName":"安吉县供电公司","name": "", "orgNO": "3340820", "higherLevelNo": "33408", "id": "3301"},
            {"type": "district", "orgName":"长兴县供电公司","name": "", "orgNO": "3340830", "higherLevelNo": "33408", "id": "3301"}

        ],
        "33409":[
            {"type": "district", "orgName":"衢州市直属","name": "", "orgNO": "3340901", "higherLevelNo": "33409", "id": "3301"},
            {"type": "district", "orgName":"江山市供电公司","name": "", "orgNO": "3340910", "higherLevelNo": "33409", "id": "3301"},
            {"type": "district", "orgName":"龙游县供电公司","name": "", "orgNO": "3340920", "higherLevelNo": "33409", "id": "3301"},
            {"type": "district", "orgName":"常山县供电公司","name": "", "orgNO": "3340930", "higherLevelNo": "33409", "id": "3301"},
            {"type": "district", "orgName":"开化县供电公司","name": "", "orgNO": "3340940", "higherLevelNo": "33409", "id": "3301"}

        ],
        "33410":[
            {"type": "district", "orgName":" 温州市直属","name": "", "orgNO": "3341001", "higherLevelNo": "33410", "id": "3301"},
            {"type": "district", "orgName":" 瑞安市供电公司","name": "", "orgNO": "3341010", "higherLevelNo": "33410", "id": "3301"},
            {"type": "district", "orgName":" 平阳县供电公司","name": "", "orgNO": "3341020", "higherLevelNo": "33410", "id": "3301"},
            {"type": "district", "orgName":" 苍南县供电公司","name": "", "orgNO": "3341030", "higherLevelNo": "33410", "id": "3301"},
            {"type": "district", "orgName":" 乐清市供电公司","name": "", "orgNO": "3341040", "higherLevelNo": "33410", "id": "3301"},
            {"type": "district", "orgName":" 洞头区供电公司","name": "", "orgNO": "3341050", "higherLevelNo": "33410", "id": "3301"},
            {"type": "district", "orgName":" 泰顺县供电公司","name": "", "orgNO": "3341060", "higherLevelNo": "33410", "id": "3301"},
            {"type": "district", "orgName":" 永嘉县供电公司","name": "", "orgNO": "3341070", "higherLevelNo": "33410", "id": "3301"},
            {"type": "district", "orgName":" 文成县供电公司","name": "", "orgNO": "3341080", "higherLevelNo": "33410", "id": "3301"}
        ],
        "33411":[
            {"type": "district", "orgName":"舟山市直属","name": "", "orgNO": "3341101", "higherLevelNo": "33411", "id": "3301"},
            {"type": "district", "orgName":"岱山县供电公司","name": "", "orgNO": "3341110", "higherLevelNo": "33411", "id": "3301"},
            {"type": "district", "orgName":"嵊泗县供电公司","name": "", "orgNO": "3341120", "higherLevelNo": "33411", "id": "3301"}
        ]
    }
   
  
}
    